1. Crear base de datos llamada películas

eva=> CREATE DATABASE peliculas;
CREATE DATABASE

eva=> \c peliculas;
You are now connected to database "peliculas" as user "eva".
peliculas=>

2. Revisar los archivos peliculas.csv y reparto.csv para crear las tablas correspondientes,
determinando la relación entre ambas tablas.

peliculas=> CREATE TABLE peliculas(
peliculas(> id SERIAL,
peliculas(> pelicula VARCHAR,
peliculas(> año_estreno INT,
peliculas(> director VARCHAR,
peliculas(> PRIMARY KEY(id));
CREATE TABLE
peliculas=> 

peliculas=> SELECT * FROM peliculas;
 id | pelicula | año_estreno | director 
----+----------+-------------+----------
(0 rows)

peliculas=> 

peliculas=> CREATE TABLE reparto(
peliculas(> id SERIAL PRIMARY KEY,
peliculas(> pelicula_id INT,
peliculas(> actor VARCHAR,
peliculas(> FOREIGN KEY (pelicula_id) REFERENCES peliculas (id));
CREATE TABLE
peliculas=> SELECT * FROM reparto;
 id | pelicula_id | actor 
----+-------------+-------
(0 rows)


3. Cargar ambos archivos a su tabla correspondiente 

peliculas-> \copy peliculas FROM '/home/eva/Descargas/ApoyoDesafío2Top100/peliculas.csv' csv header
COPY 100

peliculas=> \copy reparto (pelicula_id, actor) FROM '/home/eva/Descargas/ApoyoDesafío2Top100/reparto.csv' csv;
COPY 1051

peliculas=> SELECT * FROM reparto

4. Listar todos los actores que aparecen en la película "Titanic", indicando el título de la película,
año de estreno, director y todo el reparto.

peliculas=> SELECT * FROM peliculas WHERE peliculas.pelicula = 'Titanic';
 id | pelicula | año_estreno |   director    
----+----------+-------------+---------------
  2 | Titanic  |        1997 | James Cameron
(1 row)

peliculas=> SELECT * FROM peliculas INNER JOIN reparto ON peliculas.id = reparto.pelicula_id WHERE peliculas.pelicula = 'Titanic';
 id | pelicula | año_estreno |   director    | id | pelicula_id |       actor       
----+----------+-------------+---------------+----+-------------+-------------------
  2 | Titanic  |        1997 | James Cameron | 17 |           2 | Leonardo DiCaprio
  2 | Titanic  |        1997 | James Cameron | 18 |           2 | Kate Winslet
  2 | Titanic  |        1997 | James Cameron | 19 |           2 | Billy Zane
  2 | Titanic  |        1997 | James Cameron | 20 |           2 | Kathy Bates
  2 | Titanic  |        1997 | James Cameron | 21 |           2 | Frances Fisher
  2 | Titanic  |        1997 | James Cameron | 22 |           2 | Bernard Hill
  2 | Titanic  |        1997 | James Cameron | 23 |           2 | Jonathan Hyde
  2 | Titanic  |        1997 | James Cameron | 24 |           2 | Danny Nucci
  2 | Titanic  |        1997 | James Cameron | 25 |           2 | David Warner
  2 | Titanic  |        1997 | James Cameron | 26 |           2 | Bill Paxton
  2 | Titanic  |        1997 | James Cameron | 27 |           2 | Gloria Stuart
  2 | Titanic  |        1997 | James Cameron | 28 |           2 | Victor Garber
  2 | Titanic  |        1997 | James Cameron | 29 |           2 | Suzy Amis
(13 rows)


5. Listar los titulos de las películas donde actúe Harrison Ford.

peliculas=> SELECT pelicula FROM peliculas INNER JOIN reparto ON peliculas.id = reparto.pelicula_id WHERE reparto.actor = 'Harrison Ford';
                   pelicula                    
-----------------------------------------------
 Star Wars. Episodio IV: Una nueva esperanza
 Indiana Jones y la última cruzada
 En busca del arca perdida
 Star Wars. Episodio V: El imperio contraataca
 Star Wars. Episodio VI: El retorno del Jedi
 Blade Runner
 Apocalypse Now
 Indiana Jones y el templo maldito
(8 rows)


6. Listar los 10 directores mas populares, indicando su nombre y cuántas películas aparecen en el
top 100

peliculas=> SELECT director, COUNT(*) AS numero FROM peliculas GROUP BY director ORDER BY numero DESC LIMIT 10;
       director       | numero 
----------------------+--------
 Steven Spielberg     |      9
 Francis Ford Coppola |      4
 Peter Jackson        |      4
 Quentin Tarantino    |      3
 Martin Scorsese      |      3
 Robert Zemeckis      |      3
 James Cameron        |      3
 Ridley Scott         |      3
 George Lucas         |      3
 Frank Darabont       |      2
(10 rows)



